LOC22CD,subicbCD
E38000231,92G
E38000249,M1J4Y
E38000258,15E
E38000259,D2P2L
E38000222,15C
E38000136,10Q
E38000223,14Y
E38000221,15A
E38000260,06H
E38000068,01F
E38000091,01J
E38000161,01T
E38000170,01V
E38000172,01X
E38000194,02E
E38000208,12F
E38000233,27D
E38000101,99A
E38000089,11N
E38000251,B2M3M
E38000261,15M
E38000230,15N
E38000045,11J
E38000252,D4U1Y
E38000062,11M
E38000016,00T
E38000024,00V
E38000135,00Y
E38000080,01D
E38000143,01G
E38000174,01W
E38000263,01Y
E38000187,02A
E38000205,02H
E38000217,14L
E38000137,10R
E38000253,D9Y0V
E38000236,18C
E38000049,06K
E38000079,06N
E38000197,07H
E38000052,02Y
E38000085,03F
E38000119,03H
E38000122,03K
E38000188,03Q
E38000241,42D
E38000237,91Q
E38000014,00Q
E38000015,00R
E38000034,00X
E38000050,01A
E38000227,01E
E38000228,01K
E38000200,02G
E38000226,02M
E38000051,03W
E38000097,04C
E38000201,04V
E38000238,71E
E38000106,06Q
E38000185,07G
E38000007,99E
E38000030,99F
E38000168,99G
E38000239,26A
E38000240,93C
E38000130,00L
E38000163,00N
E38000176,00P
E38000215,01H
E38000212,13T
E38000247,16C
E38000234,84H
E38000127,99C
E38000255,A3A8R
E38000256,W2U3Z
E38000262,78H
E38000008,02Q
E38000243,52R
E38000257,M2L0M
E38000150,11X
E38000244,72Q
E38000245,36L
E38000006,02P
E38000044,02X
E38000141,03L
E38000146,03N
E38000028,04Y
E38000053,05D
E38000126,05G
E38000153,05Q
E38000173,05V
E38000175,05W
E38000086,06L
E38000117,06T
E38000204,07K
E38000246,92A
E38000021,09D
E38000248,70F
E38000235,97R
E38000025,02T
E38000190,03R
E38000225,15F
E38000232,36J
E38000254,X2C4Y
